sample_index,x_display,y_display,true_label,predicted_label,predicted_probability,dominant_rule_original,dominant_rule_display,source_split
0,-0.5523102682167336,1.5224336074531926,0,0,0.3396088,2,2,train
1,0.7201174549715785,0.370515662862798,1,0,0.40934712,1,0,train
2,-0.1281676938206296,-2.12530655041639,0,0,0.12808935,1,0,train
3,-0.1281676938206296,-0.30143647148159874,0,0,0.23047967,1,0,train
4,-0.5523102682167336,1.1384609592563943,0,0,0.32353252,2,2,train
5,-0.5523102682167336,-0.20544330943239922,1,0,0.21361256,1,0,train
6,-0.5523102682167336,0.7544883110595961,1,0,0.2652761,2,2,train
7,-0.1281676938206296,2.0983925797483898,1,0,0.37635326,1,0,train
8,-0.5523102682167336,0.370515662862798,0,0,0.30521986,2,2,train
9,-0.5523102682167336,-0.30143647148159874,0,0,0.15052205,1,0,train
10,0.01321316431140508,-0.49342279557999785,0,0,0.34486446,2,2,train
11,-0.5523102682167336,0.0825361767151994,0,0,0.20134126,1,0,train
12,-0.5523102682167336,-1.0693817678751951,0,0,0.09473984,0,1,train
13,-0.5523102682167336,-1.5493475781211927,0,0,0.24138896,2,2,train
14,1.002879171235648,0.17852933876439894,1,0,0.38203335,1,0,train
15,2.1339260362919252,0.17852933876439894,0,1,0.5866431,1,0,train
16,-0.5523102682167336,1.618426769502392,0,0,0.3014564,1,0,train
17,-0.5523102682167336,1.3304472833547933,0,0,0.33115187,2,2,train
18,1.5684026037637866,0.27452250081359847,1,1,0.5538218,2,2,train
19,-0.5523102682167336,-2.12530655041639,0,0,0.18774912,2,2,train
20,-0.5523102682167336,-1.0693817678751951,0,0,0.09862883,0,1,train
21,-0.5523102682167336,1.234454121305594,0,0,0.26833674,1,0,train
22,-0.5523102682167336,2.0023994176991904,0,0,0.31029904,1,0,train
23,-0.1281676938206296,0.5625019869611971,0,0,0.23967244,0,1,train
24,-0.41092941008469897,-0.30143647148159874,0,0,0.16391587,1,0,train
25,-0.1281676938206296,-1.3573612540227937,0,0,0.15870427,1,0,train
26,-0.41092941008469897,0.17852933876439894,0,0,0.17337771,0,1,train
27,-0.5523102682167336,1.0424677972071947,0,0,0.23602314,0,1,train
28,-0.5523102682167336,-1.741333902219592,0,0,0.08093224,0,1,train
29,2.1339260362919252,-0.7814022817275964,1,1,0.5297568,1,0,train
30,-0.5523102682167336,-1.8373270642687913,0,0,0.07790192,0,1,train
31,2.8408303269520987,0.0825361767151994,1,1,0.6813082,1,0,train
32,-0.5523102682167336,1.0424677972071947,0,0,0.29665214,2,2,train
33,-0.5523102682167336,0.8504814731087957,0,0,0.31492156,2,2,train
34,0.8614983131036131,-0.30143647148159874,1,0,0.38273618,1,0,train
35,0.4373557387075091,0.17852933876439894,0,0,0.28620464,0,1,train
36,-0.5523102682167336,1.234454121305594,0,0,0.26833674,1,0,train
37,2.5580686106880295,1.1384609592563943,0,1,0.69314265,1,0,train
38,-0.5523102682167336,0.17852933876439894,0,0,0.18754542,1,0,train
39,-0.5523102682167336,1.234454121305594,0,0,0.3211523,2,2,train
40,-0.5523102682167336,0.9464746351579952,0,0,0.2939847,2,2,train
41,-0.26954855195266425,0.370515662862798,0,0,0.31178728,2,2,train
42,2.1339260362919252,0.9464746351579952,1,1,0.6299183,1,0,train
43,1.5684026037637866,1.234454121305594,1,1,0.5674334,1,0,train
44,-0.5523102682167336,-1.0693817678751951,0,0,0.21608989,2,2,train
45,-0.5523102682167336,0.9464746351579952,1,0,0.22131872,0,1,train
46,-0.41092941008469897,-2.12530655041639,0,0,0.16323808,1,0,train
47,0.01321316431140508,-0.01345698533400014,1,0,0.33383167,2,2,train
48,-0.5523102682167336,-1.2613680919735941,0,0,0.14984494,1,0,train
49,-0.41092941008469897,-0.9733886058259955,1,0,0.2746339,2,2,train
50,-0.41092941008469897,-0.30143647148159874,0,0,0.17950654,1,0,train
51,-0.5523102682167336,-1.2613680919735941,1,0,0.24847873,2,2,train
52,-0.5523102682167336,-1.1653749299243945,0,0,0.21339633,2,2,train
53,0.15459402244343975,-1.3573612540227937,0,0,0.34070882,2,2,train
54,-0.5523102682167336,0.8504814731087957,0,0,0.24907802,1,0,train
55,-0.41092941008469897,-0.7814022817275964,0,0,0.18022583,1,0,train
56,-0.5523102682167336,1.3304472833547933,1,0,0.26171896,0,1,train
57,-0.5523102682167336,-0.5894159576291974,0,0,0.1531368,1,0,train
58,1.2856408874997172,-0.20544330943239922,1,0,0.43317145,1,0,train
59,-0.5523102682167336,-0.30143647148159874,0,0,0.27013925,2,2,train
60,1.427021745631752,-0.877395443776796,0,0,0.4156875,1,0,train
61,-0.5523102682167336,0.4665088249119976,0,0,0.1904617,0,1,train
62,-0.5523102682167336,0.6584951490103966,0,0,0.2415523,1,0,train
63,-0.5523102682167336,0.17852933876439894,0,0,0.27997804,2,2,train
64,-0.26954855195266425,0.5625019869611971,0,0,0.23061554,0,1,train
65,-0.1281676938206296,1.9064062556499906,0,0,0.38914385,2,2,train
66,-0.5523102682167336,1.1384609592563943,0,0,0.24122684,0,1,train
67,0.01321316431140508,-0.49342279557999785,0,0,0.1862007,0,1,train
68,-0.5523102682167336,1.618426769502392,0,0,0.31658822,2,2,train
69,-0.1281676938206296,-0.877395443776796,0,0,0.23197897,1,0,train
70,-0.41092941008469897,-0.9733886058259955,0,0,0.1726806,1,0,train
71,2.5580686106880295,0.27452250081359847,0,1,0.6831816,2,2,train
72,-0.5523102682167336,0.8504814731087957,0,0,0.21220352,0,1,train
73,-0.5523102682167336,-0.20544330943239922,0,0,0.15522976,1,0,train
74,-0.5523102682167336,1.426440445403993,0,0,0.30959034,2,2,train
75,-0.5523102682167336,-0.01345698533400014,0,0,0.22016853,1,0,train
76,0.5787365968395438,-1.0693817678751951,0,0,0.20553301,0,1,train
77,-0.5523102682167336,-0.3974296335307983,0,0,0.20692797,1,0,train
78,0.29597488057547444,-0.20544330943239922,0,0,0.25246558,1,0,train
79,1.2856408874997172,1.3304472833547933,1,1,0.56210953,1,0,train
80,-0.5523102682167336,-1.4533544160719933,0,0,0.14329292,1,0,train
81,-0.5523102682167336,-0.49342279557999785,0,0,0.26580793,2,2,train
82,0.7201174549715785,0.4665088249119976,0,0,0.39880368,1,0,train
83,-0.5523102682167336,-1.3573612540227937,0,0,0.09414835,0,1,train
84,0.4373557387075091,-0.3974296335307983,1,0,0.3936371,2,2,train
85,-0.26954855195266425,1.234454121305594,0,0,0.29311508,0,1,train
86,-0.1281676938206296,0.6584951490103966,0,0,0.3524643,2,2,train
87,-0.5523102682167336,1.9064062556499906,0,0,0.322605,0,1,train
88,-0.5523102682167336,-1.0693817678751951,1,0,0.2789558,2,2,train
89,0.4373557387075091,-0.10945014738319968,0,0,0.33238813,1,0,train
90,0.8614983131036131,-1.741333902219592,0,0,0.22873138,1,0,train
91,0.4373557387075091,0.17852933876439894,1,0,0.4126715,2,2,train
92,2.9822111850841333,0.7544883110595961,0,1,0.7656327,1,0,train
93,-0.5523102682167336,0.4665088249119976,0,0,0.2161691,1,0,train
94,-0.41092941008469897,0.7544883110595961,0,0,0.22667459,0,1,train
95,-0.26954855195266425,-0.3974296335307983,0,0,0.18939868,1,0,train
96,-0.5523102682167336,0.6584951490103966,0,0,0.22432317,1,0,train
97,-0.41092941008469897,-1.3573612540227937,0,0,0.18727446,1,0,train
98,0.5787365968395438,-1.0693817678751951,0,0,0.38348106,2,2,train
99,-0.41092941008469897,-0.30143647148159874,0,0,0.30752802,2,2,train
100,-0.5523102682167336,0.370515662862798,0,0,0.17807055,0,1,train
101,-0.5523102682167336,-0.01345698533400014,0,0,0.17879963,1,0,train
102,0.7201174549715785,1.0424677972071947,0,0,0.43170497,0,1,train
103,-0.5523102682167336,-0.877395443776796,0,0,0.22154115,2,2,train
104,1.8511643200278558,0.7544883110595961,1,1,0.6016982,0,1,train
105,-0.26954855195266425,-0.9733886058259955,0,0,0.12395421,0,1,train
106,1.1442600293676826,-0.49342279557999785,0,0,0.45614353,2,2,train
107,-0.5523102682167336,1.0424677972071947,0,0,0.24494769,1,0,train
108,0.01321316431140508,-0.877395443776796,0,0,0.31206337,2,2,train
109,-0.5523102682167336,1.7144199315515916,0,0,0.3482155,2,2,train
110,-0.41092941008469897,-1.3573612540227937,0,0,0.1035724,0,1,train
111,-0.5523102682167336,-1.2613680919735941,0,0,0.087195516,0,1,train
112,-0.26954855195266425,-1.2613680919735941,0,0,0.110409126,0,1,train
113,0.29597488057547444,-0.6854091196783969,1,0,0.31671032,1,0,train
114,-0.5523102682167336,-0.877395443776796,1,0,0.1904929,1,0,train
115,-0.5523102682167336,0.17852933876439894,0,0,0.18754542,1,0,train
116,-0.5523102682167336,1.3304472833547933,0,0,0.26171896,0,1,train
117,-0.5523102682167336,-0.20544330943239922,0,0,0.21361256,1,0,train
118,-0.41092941008469897,1.3304472833547933,0,0,0.283426,0,1,train
119,-0.26954855195266425,0.7544883110595961,0,0,0.3391672,2,2,train
120,0.7201174549715785,0.0825361767151994,1,0,0.32706544,1,0,train
121,2.699449468820064,-1.0693817678751951,1,1,0.55867183,1,0,train
122,-0.5523102682167336,-1.0693817678751951,1,0,0.18415129,1,0,train
123,1.2856408874997172,0.9464746351579952,1,1,0.5267827,0,1,train
124,0.29597488057547444,0.9464746351579952,0,0,0.3508031,1,0,train
125,-0.26954855195266425,1.234454121305594,1,0,0.28902787,0,1,train
126,-0.5523102682167336,1.0424677972071947,0,0,0.23144068,0,1,train
127,-0.41092941008469897,0.6584951490103966,0,0,0.2575196,1,0,train
128,-0.5523102682167336,1.1384609592563943,0,0,0.23961481,0,1,train
129,2.699449468820064,-0.49342279557999785,1,1,0.6303275,1,0,train
130,-0.41092941008469897,1.0424677972071947,1,0,0.24985567,0,1,train
131,1.1442600293676826,0.0825361767151994,1,0,0.45595366,1,0,train
132,-0.41092941008469897,0.4665088249119976,1,0,0.25068128,1,0,train
133,-0.41092941008469897,0.0825361767151994,1,0,0.26319718,2,2,train
134,0.29597488057547444,-0.7814022817275964,1,0,0.28449258,1,0,train
135,-0.1281676938206296,0.370515662862798,1,0,0.32681322,2,2,train
136,-0.5523102682167336,-0.20544330943239922,0,0,0.15522976,1,0,train
137,-0.5523102682167336,-0.7814022817275964,0,0,0.1284439,1,0,train
138,0.01321316431140508,-0.9733886058259955,0,0,0.17127588,1,0,train
139,2.4166877525559944,-1.3573612540227937,1,1,0.60516036,2,2,train
140,-0.5523102682167336,-0.877395443776796,1,0,0.1904929,1,0,train
141,-0.5523102682167336,0.5625019869611971,0,0,0.30749133,2,2,train
142,-0.5523102682167336,-0.3974296335307983,0,0,0.26798233,2,2,train
143,-0.1281676938206296,0.5625019869611971,0,0,0.24416085,0,1,train
144,-0.5523102682167336,-0.6854091196783969,0,0,0.286634,2,2,train
145,1.427021745631752,0.4665088249119976,1,0,0.492892,1,0,train
146,-0.41092941008469897,0.27452250081359847,0,0,0.1801243,0,1,train
147,0.15459402244343975,0.4665088249119976,1,0,0.28141823,0,1,train
148,-0.41092941008469897,0.8504814731087957,1,0,0.3302761,2,2,train
149,-0.5523102682167336,0.4665088249119976,0,0,0.30635378,2,2,train
150,-0.5523102682167336,-1.3573612540227937,0,0,0.09414835,0,1,train
151,-0.41092941008469897,-1.741333902219592,0,0,0.08922945,0,1,train
152,-0.5523102682167336,-0.9733886058259955,0,0,0.2188052,2,2,train
153,0.01321316431140508,1.7144199315515916,1,0,0.3988776,0,1,train
154,-0.5523102682167336,0.6584951490103966,0,0,0.1977255,0,1,train
155,-0.5523102682167336,1.9064062556499906,0,0,0.30635795,1,0,train
156,1.5684026037637866,-1.4533544160719933,0,0,0.33087292,1,0,train
157,0.01321316431140508,-2.0293133883671906,0,0,0.24155784,2,2,train
158,-0.5523102682167336,-1.0693817678751951,0,0,0.18415129,1,0,train
159,-0.5523102682167336,-0.6854091196783969,0,0,0.1969791,1,0,train
160,-0.5523102682167336,-0.10945014738319968,0,0,0.24372627,2,2,train
161,-0.5523102682167336,-0.49342279557999785,1,0,0.23265369,2,2,train
162,-0.5523102682167336,-0.49342279557999785,0,0,0.29047528,2,2,train
163,-0.5523102682167336,-0.6854091196783969,1,0,0.26144305,2,2,train
164,-0.5523102682167336,-0.01345698533400014,0,0,0.24636702,2,2,train
165,0.29597488057547444,0.27452250081359847,1,0,0.3128377,1,0,train
166,-0.5523102682167336,-1.4533544160719933,0,0,0.09067459,0,1,train
167,1.7097834618958212,-0.7814022817275964,0,1,0.53262466,2,2,train
168,-0.41092941008469897,-0.6854091196783969,1,0,0.2996816,2,2,train
169,-0.5523102682167336,-0.01345698533400014,0,0,0.29321504,2,2,train
170,-0.5523102682167336,1.234454121305594,0,0,0.25144807,0,1,train
171,-0.5523102682167336,1.426440445403993,0,0,0.30959034,2,2,train
172,-0.5523102682167336,1.618426769502392,0,0,0.2859657,0,1,train
173,-0.5523102682167336,-0.20544330943239922,0,0,0.13973156,0,1,train
174,2.27530689442396,-0.5894159576291974,1,1,0.5798911,1,0,train
175,-0.5523102682167336,-1.741333902219592,1,0,0.07435011,0,1,train
176,-0.5523102682167336,-1.6453407401703923,0,0,0.1369775,1,0,train
177,-0.26954855195266425,1.8104130936007912,0,0,0.38536933,2,2,train
178,-0.5523102682167336,-0.49342279557999785,1,0,0.15727098,1,0,train
179,-0.5523102682167336,1.1384609592563943,0,0,0.29959717,2,2,train
180,0.15459402244343975,-0.01345698533400014,0,0,0.2365086,0,1,train
181,-0.1281676938206296,0.27452250081359847,0,0,0.3480362,2,2,train
182,-0.5523102682167336,-1.1653749299243945,0,0,0.09089804,0,1,train
183,0.01321316431140508,-0.01345698533400014,0,0,0.21834348,0,1,train
184,-0.5523102682167336,-0.30143647148159874,1,0,0.18603301,1,0,train
185,0.01321316431140508,0.6584951490103966,0,0,0.3096617,1,0,train
186,-0.5523102682167336,1.426440445403993,0,0,0.29238725,1,0,train
187,-0.1281676938206296,0.17852933876439894,0,0,0.21434636,0,1,train
188,-0.41092941008469897,0.27452250081359847,0,0,0.1801243,0,1,train
189,5.951209205856861,0.17852933876439894,0,1,0.8962015,2,2,train
190,-0.5523102682167336,-0.01345698533400014,0,0,0.29991326,2,2,train
191,-0.1281676938206296,-0.5894159576291974,1,0,0.31844342,2,2,train
192,-0.5523102682167336,0.4665088249119976,0,0,0.30399686,2,2,train
193,2.699449468820064,0.17852933876439894,1,1,0.6609695,1,0,train
194,-0.26954855195266425,2.9623310381911856,1,1,0.5026107,0,1,train
195,-0.5523102682167336,0.5625019869611971,0,0,0.18616316,0,1,train
196,-0.41092941008469897,-0.01345698533400014,0,0,0.19336145,1,0,train
197,0.15459402244343975,0.17852933876439894,1,0,0.32932505,1,0,train
198,0.01321316431140508,-0.01345698533400014,0,0,0.26096448,1,0,train
199,3.6891154757443068,-1.741333902219592,0,1,0.64192176,0,1,train
200,-0.1281676938206296,-0.01345698533400014,1,0,0.22525345,1,0,train
201,-0.5523102682167336,-1.0693817678751951,0,0,0.21608989,2,2,train
202,-0.5523102682167336,1.234454121305594,1,0,0.25144807,0,1,train
203,4.39601976640448,0.6584951490103966,1,1,0.8835636,1,0,train
204,-0.5523102682167336,0.8504814731087957,0,0,0.21220352,0,1,train
205,-0.5523102682167336,-1.4533544160719933,0,0,0.14329292,1,0,train
206,-0.41092941008469897,-0.20544330943239922,0,0,0.14897844,0,1,train
207,-0.41092941008469897,-0.20544330943239922,0,0,0.28579035,2,2,train
208,-0.5523102682167336,0.4665088249119976,0,0,0.23521948,1,0,train
209,-0.5523102682167336,-0.9733886058259955,0,0,0.09872447,0,1,train
210,-0.5523102682167336,0.9464746351579952,0,0,0.2939847,2,2,train
211,-0.5523102682167336,-0.6854091196783969,0,0,0.12189318,0,1,train
212,-0.1281676938206296,-0.49342279557999785,0,0,0.15894276,0,1,train
213,0.29597488057547444,-1.4533544160719933,0,0,0.1494503,0,1,train
